data_type,structure_category,tree_category,time_category,prediction_category,size,Kendall [c],Kendall [p],Spearman [c],Spearman [p]
train,all,all,all,all,34914,0.199±0.005,0.895±0.007,0.277±0.008,0.974±0.003
train,all,all,all,underestimated,13571,0.245±0.050,0.872±0.050,0.344±0.071,0.956±0.029
train,all,all,all,overestimated,21342,0.186±0.034,0.927±0.016,0.261±0.048,0.986±0.005
train,all,all,small,all,8627,0.104±0.009,0.376±0.027,0.145±0.013,0.537±0.033
train,all,all,small,underestimated,2383,0.058±0.031,0.572±0.055,0.052±0.050,0.746±0.058
train,all,all,small,overestimated,6243,0.215±0.026,0.539±0.032,0.308±0.037,0.724±0.033
train,all,all,medium,all,17412,0.172±0.007,0.859±0.012,0.250±0.010,0.959±0.005
train,all,all,medium,underestimated,7787,0.180±0.048,0.780±0.062,0.257±0.070,0.903±0.043
train,all,all,medium,overestimated,9625,0.156±0.037,0.917±0.008,0.233±0.056,0.980±0.002
train,all,all,big,all,8875,0.121±0.007,0.930±0.005,0.179±0.010,0.985±0.003
train,all,all,big,underestimated,3401,0.196±0.050,0.933±0.014,0.282±0.062,0.983±0.005
train,all,all,big,overestimated,5474,0.114±0.034,0.928±0.014,0.168±0.051,0.983±0.006
train,all,seen,all,all,34914,0.199±0.005,0.895±0.007,0.277±0.008,0.974±0.003
train,all,seen,all,underestimated,13571,0.245±0.050,0.872±0.050,0.344±0.071,0.956±0.029
train,all,seen,all,overestimated,21342,0.186±0.034,0.927±0.016,0.261±0.048,0.986±0.005
train,all,seen,small,all,8627,0.104±0.009,0.376±0.027,0.145±0.013,0.537±0.033
train,all,seen,small,underestimated,2383,0.058±0.031,0.572±0.055,0.052±0.050,0.746±0.058
train,all,seen,small,overestimated,6243,0.215±0.026,0.539±0.032,0.308±0.037,0.724±0.033
train,all,seen,medium,all,17412,0.172±0.007,0.859±0.012,0.250±0.010,0.959±0.005
train,all,seen,medium,underestimated,7787,0.180±0.048,0.780±0.062,0.257±0.070,0.903±0.043
train,all,seen,medium,overestimated,9625,0.156±0.037,0.917±0.008,0.233±0.056,0.980±0.002
train,all,seen,big,all,8875,0.121±0.007,0.930±0.005,0.179±0.010,0.985±0.003
train,all,seen,big,underestimated,3401,0.196±0.050,0.933±0.014,0.282±0.062,0.983±0.005
train,all,seen,big,overestimated,5474,0.114±0.034,0.928±0.014,0.168±0.051,0.983±0.006
train,all,unseen,all,all,0,nan±nan,nan±nan,nan±nan,nan±nan
train,all,unseen,all,underestimated,0,nan±nan,nan±nan,nan±nan,nan±nan
train,all,unseen,all,overestimated,0,nan±nan,nan±nan,nan±nan,nan±nan
train,all,unseen,small,all,0,nan±nan,nan±nan,nan±nan,nan±nan
train,all,unseen,small,underestimated,0,nan±nan,nan±nan,nan±nan,nan±nan
train,all,unseen,small,overestimated,0,nan±nan,nan±nan,nan±nan,nan±nan
train,all,unseen,medium,all,0,nan±nan,nan±nan,nan±nan,nan±nan
train,all,unseen,medium,underestimated,0,nan±nan,nan±nan,nan±nan,nan±nan
train,all,unseen,medium,overestimated,0,nan±nan,nan±nan,nan±nan,nan±nan
train,all,unseen,big,all,0,nan±nan,nan±nan,nan±nan,nan±nan
train,all,unseen,big,underestimated,0,nan±nan,nan±nan,nan±nan,nan±nan
train,all,unseen,big,overestimated,0,nan±nan,nan±nan,nan±nan,nan±nan
train,seen,all,all,all,34914,0.199±0.005,0.895±0.007,0.277±0.008,0.974±0.003
train,seen,all,all,underestimated,13571,0.245±0.050,0.872±0.050,0.344±0.071,0.956±0.029
train,seen,all,all,overestimated,21342,0.186±0.034,0.927±0.016,0.261±0.048,0.986±0.005
train,seen,all,small,all,8627,0.104±0.009,0.376±0.027,0.145±0.013,0.537±0.033
train,seen,all,small,underestimated,2383,0.058±0.031,0.572±0.055,0.052±0.050,0.746±0.058
train,seen,all,small,overestimated,6243,0.215±0.026,0.539±0.032,0.308±0.037,0.724±0.033
train,seen,all,medium,all,17412,0.172±0.007,0.859±0.012,0.250±0.010,0.959±0.005
train,seen,all,medium,underestimated,7787,0.180±0.048,0.780±0.062,0.257±0.070,0.903±0.043
train,seen,all,medium,overestimated,9625,0.156±0.037,0.917±0.008,0.233±0.056,0.980±0.002
train,seen,all,big,all,8875,0.121±0.007,0.930±0.005,0.179±0.010,0.985±0.003
train,seen,all,big,underestimated,3401,0.196±0.050,0.933±0.014,0.282±0.062,0.983±0.005
train,seen,all,big,overestimated,5474,0.114±0.034,0.928±0.014,0.168±0.051,0.983±0.006
train,seen,seen,all,all,34914,0.199±0.005,0.895±0.007,0.277±0.008,0.974±0.003
train,seen,seen,all,underestimated,13571,0.245±0.050,0.872±0.050,0.344±0.071,0.956±0.029
train,seen,seen,all,overestimated,21342,0.186±0.034,0.927±0.016,0.261±0.048,0.986±0.005
train,seen,seen,small,all,8627,0.104±0.009,0.376±0.027,0.145±0.013,0.537±0.033
train,seen,seen,small,underestimated,2383,0.058±0.031,0.572±0.055,0.052±0.050,0.746±0.058
train,seen,seen,small,overestimated,6243,0.215±0.026,0.539±0.032,0.308±0.037,0.724±0.033
train,seen,seen,medium,all,17412,0.172±0.007,0.859±0.012,0.250±0.010,0.959±0.005
train,seen,seen,medium,underestimated,7787,0.180±0.048,0.780±0.062,0.257±0.070,0.903±0.043
train,seen,seen,medium,overestimated,9625,0.156±0.037,0.917±0.008,0.233±0.056,0.980±0.002
train,seen,seen,big,all,8875,0.121±0.007,0.930±0.005,0.179±0.010,0.985±0.003
train,seen,seen,big,underestimated,3401,0.196±0.050,0.933±0.014,0.282±0.062,0.983±0.005
train,seen,seen,big,overestimated,5474,0.114±0.034,0.928±0.014,0.168±0.051,0.983±0.006
train,seen,unseen,all,all,0,nan±nan,nan±nan,nan±nan,nan±nan
train,seen,unseen,all,underestimated,0,nan±nan,nan±nan,nan±nan,nan±nan
train,seen,unseen,all,overestimated,0,nan±nan,nan±nan,nan±nan,nan±nan
train,seen,unseen,small,all,0,nan±nan,nan±nan,nan±nan,nan±nan
train,seen,unseen,small,underestimated,0,nan±nan,nan±nan,nan±nan,nan±nan
train,seen,unseen,small,overestimated,0,nan±nan,nan±nan,nan±nan,nan±nan
train,seen,unseen,medium,all,0,nan±nan,nan±nan,nan±nan,nan±nan
train,seen,unseen,medium,underestimated,0,nan±nan,nan±nan,nan±nan,nan±nan
train,seen,unseen,medium,overestimated,0,nan±nan,nan±nan,nan±nan,nan±nan
train,seen,unseen,big,all,0,nan±nan,nan±nan,nan±nan,nan±nan
train,seen,unseen,big,underestimated,0,nan±nan,nan±nan,nan±nan,nan±nan
train,seen,unseen,big,overestimated,0,nan±nan,nan±nan,nan±nan,nan±nan
train,unseen,all,all,all,0,nan±nan,nan±nan,nan±nan,nan±nan
train,unseen,all,all,underestimated,0,nan±nan,nan±nan,nan±nan,nan±nan
train,unseen,all,all,overestimated,0,nan±nan,nan±nan,nan±nan,nan±nan
train,unseen,all,small,all,0,nan±nan,nan±nan,nan±nan,nan±nan
train,unseen,all,small,underestimated,0,nan±nan,nan±nan,nan±nan,nan±nan
train,unseen,all,small,overestimated,0,nan±nan,nan±nan,nan±nan,nan±nan
train,unseen,all,medium,all,0,nan±nan,nan±nan,nan±nan,nan±nan
train,unseen,all,medium,underestimated,0,nan±nan,nan±nan,nan±nan,nan±nan
train,unseen,all,medium,overestimated,0,nan±nan,nan±nan,nan±nan,nan±nan
train,unseen,all,big,all,0,nan±nan,nan±nan,nan±nan,nan±nan
train,unseen,all,big,underestimated,0,nan±nan,nan±nan,nan±nan,nan±nan
train,unseen,all,big,overestimated,0,nan±nan,nan±nan,nan±nan,nan±nan
train,unseen,seen,all,all,0,nan±nan,nan±nan,nan±nan,nan±nan
train,unseen,seen,all,underestimated,0,nan±nan,nan±nan,nan±nan,nan±nan
train,unseen,seen,all,overestimated,0,nan±nan,nan±nan,nan±nan,nan±nan
train,unseen,seen,small,all,0,nan±nan,nan±nan,nan±nan,nan±nan
train,unseen,seen,small,underestimated,0,nan±nan,nan±nan,nan±nan,nan±nan
train,unseen,seen,small,overestimated,0,nan±nan,nan±nan,nan±nan,nan±nan
train,unseen,seen,medium,all,0,nan±nan,nan±nan,nan±nan,nan±nan
train,unseen,seen,medium,underestimated,0,nan±nan,nan±nan,nan±nan,nan±nan
train,unseen,seen,medium,overestimated,0,nan±nan,nan±nan,nan±nan,nan±nan
train,unseen,seen,big,all,0,nan±nan,nan±nan,nan±nan,nan±nan
train,unseen,seen,big,underestimated,0,nan±nan,nan±nan,nan±nan,nan±nan
train,unseen,seen,big,overestimated,0,nan±nan,nan±nan,nan±nan,nan±nan
train,unseen,unseen,all,all,0,nan±nan,nan±nan,nan±nan,nan±nan
train,unseen,unseen,all,underestimated,0,nan±nan,nan±nan,nan±nan,nan±nan
train,unseen,unseen,all,overestimated,0,nan±nan,nan±nan,nan±nan,nan±nan
train,unseen,unseen,small,all,0,nan±nan,nan±nan,nan±nan,nan±nan
train,unseen,unseen,small,underestimated,0,nan±nan,nan±nan,nan±nan,nan±nan
train,unseen,unseen,small,overestimated,0,nan±nan,nan±nan,nan±nan,nan±nan
train,unseen,unseen,medium,all,0,nan±nan,nan±nan,nan±nan,nan±nan
train,unseen,unseen,medium,underestimated,0,nan±nan,nan±nan,nan±nan,nan±nan
train,unseen,unseen,medium,overestimated,0,nan±nan,nan±nan,nan±nan,nan±nan
train,unseen,unseen,big,all,0,nan±nan,nan±nan,nan±nan,nan±nan
train,unseen,unseen,big,underestimated,0,nan±nan,nan±nan,nan±nan,nan±nan
train,unseen,unseen,big,overestimated,0,nan±nan,nan±nan,nan±nan,nan±nan
val,all,all,all,all,8477,0.153±0.024,0.723±0.019,0.213±0.034,0.865±0.016
val,all,all,all,underestimated,4014,0.241±0.033,0.822±0.021,0.339±0.045,0.936±0.015
val,all,all,all,overestimated,4463,0.094±0.019,0.751±0.019,0.126±0.027,0.879±0.020
val,all,all,small,all,1931,-0.002±0.047,0.196±0.065,-0.026±0.073,0.290±0.088
val,all,all,small,underestimated,552,0.102±0.069,0.594±0.065,0.099±0.083,0.773±0.073
val,all,all,small,overestimated,1378,0.070±0.045,0.351±0.048,0.092±0.074,0.513±0.053
val,all,all,medium,all,4260,0.169±0.030,0.552±0.038,0.245±0.041,0.704±0.041
val,all,all,medium,underestimated,2103,0.247±0.046,0.670±0.054,0.355±0.060,0.820±0.051
val,all,all,medium,overestimated,2157,0.096±0.051,0.608±0.043,0.140±0.068,0.740±0.055
val,all,all,big,all,2286,0.095±0.026,0.598±0.031,0.145±0.035,0.720±0.035
val,all,all,big,underestimated,1359,0.113±0.051,0.587±0.049,0.173±0.065,0.697±0.067
val,all,all,big,overestimated,927,0.051±0.022,0.739±0.062,0.079±0.025,0.865±0.064
val,all,seen,all,all,0,nan±nan,nan±nan,nan±nan,nan±nan
val,all,seen,all,underestimated,0,nan±nan,nan±nan,nan±nan,nan±nan
val,all,seen,all,overestimated,0,nan±nan,nan±nan,nan±nan,nan±nan
val,all,seen,small,all,0,nan±nan,nan±nan,nan±nan,nan±nan
val,all,seen,small,underestimated,0,nan±nan,nan±nan,nan±nan,nan±nan
val,all,seen,small,overestimated,0,nan±nan,nan±nan,nan±nan,nan±nan
val,all,seen,medium,all,0,nan±nan,nan±nan,nan±nan,nan±nan
val,all,seen,medium,underestimated,0,nan±nan,nan±nan,nan±nan,nan±nan
val,all,seen,medium,overestimated,0,nan±nan,nan±nan,nan±nan,nan±nan
val,all,seen,big,all,0,nan±nan,nan±nan,nan±nan,nan±nan
val,all,seen,big,underestimated,0,nan±nan,nan±nan,nan±nan,nan±nan
val,all,seen,big,overestimated,0,nan±nan,nan±nan,nan±nan,nan±nan
val,all,unseen,all,all,8477,0.153±0.024,0.723±0.019,0.213±0.034,0.865±0.016
val,all,unseen,all,underestimated,4014,0.241±0.033,0.822±0.021,0.339±0.045,0.936±0.015
val,all,unseen,all,overestimated,4463,0.094±0.019,0.751±0.019,0.126±0.027,0.879±0.020
val,all,unseen,small,all,1931,-0.002±0.047,0.196±0.065,-0.026±0.073,0.290±0.088
val,all,unseen,small,underestimated,552,0.102±0.069,0.594±0.065,0.099±0.083,0.773±0.073
val,all,unseen,small,overestimated,1378,0.070±0.045,0.351±0.048,0.092±0.074,0.513±0.053
val,all,unseen,medium,all,4260,0.169±0.030,0.552±0.038,0.245±0.041,0.704±0.041
val,all,unseen,medium,underestimated,2103,0.247±0.046,0.670±0.054,0.355±0.060,0.820±0.051
val,all,unseen,medium,overestimated,2157,0.096±0.051,0.608±0.043,0.140±0.068,0.740±0.055
val,all,unseen,big,all,2286,0.095±0.026,0.598±0.031,0.145±0.035,0.720±0.035
val,all,unseen,big,underestimated,1359,0.113±0.051,0.587±0.049,0.173±0.065,0.697±0.067
val,all,unseen,big,overestimated,927,0.051±0.022,0.739±0.062,0.079±0.025,0.865±0.064
val,seen,all,all,all,5393,0.114±0.037,0.790±0.026,0.155±0.052,0.913±0.021
val,seen,all,all,underestimated,2597,0.175±0.046,0.858±0.036,0.244±0.065,0.954±0.023
val,seen,all,all,overestimated,2795,0.062±0.051,0.821±0.020,0.081±0.078,0.925±0.022
val,seen,all,small,all,1160,-0.040±0.056,0.264±0.095,-0.103±0.083,0.389±0.125
val,seen,all,small,underestimated,357,0.072±0.078,0.611±0.047,0.045±0.107,0.787±0.050
val,seen,all,small,overestimated,803,-0.007±0.080,0.436±0.080,-0.044±0.144,0.624±0.084
val,seen,all,medium,all,2668,0.141±0.018,0.639±0.067,0.203±0.026,0.794±0.084
val,seen,all,medium,underestimated,1357,0.198±0.065,0.703±0.101,0.279±0.086,0.839±0.106
val,seen,all,medium,overestimated,1310,0.078±0.068,0.719±0.023,0.119±0.099,0.853±0.025
val,seen,all,big,all,1564,0.095±0.031,0.690±0.043,0.139±0.042,0.803±0.061
val,seen,all,big,underestimated,882,0.104±0.082,0.674±0.080,0.155±0.107,0.766±0.107
val,seen,all,big,overestimated,682,0.053±0.045,0.789±0.031,0.082±0.054,0.903±0.027
val,seen,seen,all,all,0,nan±nan,nan±nan,nan±nan,nan±nan
val,seen,seen,all,underestimated,0,nan±nan,nan±nan,nan±nan,nan±nan
val,seen,seen,all,overestimated,0,nan±nan,nan±nan,nan±nan,nan±nan
val,seen,seen,small,all,0,nan±nan,nan±nan,nan±nan,nan±nan
val,seen,seen,small,underestimated,0,nan±nan,nan±nan,nan±nan,nan±nan
val,seen,seen,small,overestimated,0,nan±nan,nan±nan,nan±nan,nan±nan
val,seen,seen,medium,all,0,nan±nan,nan±nan,nan±nan,nan±nan
val,seen,seen,medium,underestimated,0,nan±nan,nan±nan,nan±nan,nan±nan
val,seen,seen,medium,overestimated,0,nan±nan,nan±nan,nan±nan,nan±nan
val,seen,seen,big,all,0,nan±nan,nan±nan,nan±nan,nan±nan
val,seen,seen,big,underestimated,0,nan±nan,nan±nan,nan±nan,nan±nan
val,seen,seen,big,overestimated,0,nan±nan,nan±nan,nan±nan,nan±nan
val,seen,unseen,all,all,5393,0.114±0.037,0.790±0.026,0.155±0.052,0.913±0.021
val,seen,unseen,all,underestimated,2597,0.175±0.046,0.858±0.036,0.244±0.065,0.954±0.023
val,seen,unseen,all,overestimated,2795,0.062±0.051,0.821±0.020,0.081±0.078,0.925±0.022
val,seen,unseen,small,all,1160,-0.040±0.056,0.264±0.095,-0.103±0.083,0.389±0.125
val,seen,unseen,small,underestimated,357,0.072±0.078,0.611±0.047,0.045±0.107,0.787±0.050
val,seen,unseen,small,overestimated,803,-0.007±0.080,0.436±0.080,-0.044±0.144,0.624±0.084
val,seen,unseen,medium,all,2668,0.141±0.018,0.639±0.067,0.203±0.026,0.794±0.084
val,seen,unseen,medium,underestimated,1357,0.198±0.065,0.703±0.101,0.279±0.086,0.839±0.106
val,seen,unseen,medium,overestimated,1310,0.078±0.068,0.719±0.023,0.119±0.099,0.853±0.025
val,seen,unseen,big,all,1564,0.095±0.031,0.690±0.043,0.139±0.042,0.803±0.061
val,seen,unseen,big,underestimated,882,0.104±0.082,0.674±0.080,0.155±0.107,0.766±0.107
val,seen,unseen,big,overestimated,682,0.053±0.045,0.789±0.031,0.082±0.054,0.903±0.027
val,unseen,all,all,all,3084,0.266±0.010,0.613±0.023,0.372±0.014,0.778±0.026
val,unseen,all,all,underestimated,1417,0.359±0.044,0.770±0.020,0.505±0.063,0.907±0.016
val,unseen,all,all,overestimated,1667,0.216±0.041,0.652±0.021,0.302±0.059,0.809±0.025
val,unseen,all,small,all,770,0.055±0.070,0.090±0.046,0.082±0.104,0.128±0.073
val,unseen,all,small,underestimated,195,0.239±0.075,0.521±0.086,0.322±0.118,0.679±0.125
val,unseen,all,small,overestimated,575,0.147±0.072,0.243±0.042,0.236±0.104,0.355±0.066
val,unseen,all,medium,all,1591,0.199±0.065,0.425±0.068,0.284±0.094,0.569±0.091
val,unseen,all,medium,underestimated,745,0.279±0.049,0.623±0.046,0.395±0.073,0.787±0.047
val,unseen,all,medium,overestimated,846,0.134±0.088,0.493±0.094,0.190±0.129,0.624±0.116
val,unseen,all,big,all,722,0.104±0.055,0.457±0.088,0.159±0.078,0.596±0.091
val,unseen,all,big,underestimated,477,0.070±0.051,0.511±0.052,0.112±0.073,0.649±0.062
val,unseen,all,big,overestimated,245,0.219±0.090,0.633±0.167,0.313±0.106,0.771±0.165
val,unseen,seen,all,all,0,nan±nan,nan±nan,nan±nan,nan±nan
val,unseen,seen,all,underestimated,0,nan±nan,nan±nan,nan±nan,nan±nan
val,unseen,seen,all,overestimated,0,nan±nan,nan±nan,nan±nan,nan±nan
val,unseen,seen,small,all,0,nan±nan,nan±nan,nan±nan,nan±nan
val,unseen,seen,small,underestimated,0,nan±nan,nan±nan,nan±nan,nan±nan
val,unseen,seen,small,overestimated,0,nan±nan,nan±nan,nan±nan,nan±nan
val,unseen,seen,medium,all,0,nan±nan,nan±nan,nan±nan,nan±nan
val,unseen,seen,medium,underestimated,0,nan±nan,nan±nan,nan±nan,nan±nan
val,unseen,seen,medium,overestimated,0,nan±nan,nan±nan,nan±nan,nan±nan
val,unseen,seen,big,all,0,nan±nan,nan±nan,nan±nan,nan±nan
val,unseen,seen,big,underestimated,0,nan±nan,nan±nan,nan±nan,nan±nan
val,unseen,seen,big,overestimated,0,nan±nan,nan±nan,nan±nan,nan±nan
val,unseen,unseen,all,all,3084,0.266±0.010,0.613±0.023,0.372±0.014,0.778±0.026
val,unseen,unseen,all,underestimated,1417,0.359±0.044,0.770±0.020,0.505±0.063,0.907±0.016
val,unseen,unseen,all,overestimated,1667,0.216±0.041,0.652±0.021,0.302±0.059,0.809±0.025
val,unseen,unseen,small,all,770,0.055±0.070,0.090±0.046,0.082±0.104,0.128±0.073
val,unseen,unseen,small,underestimated,195,0.239±0.075,0.521±0.086,0.322±0.118,0.679±0.125
val,unseen,unseen,small,overestimated,575,0.147±0.072,0.243±0.042,0.236±0.104,0.355±0.066
val,unseen,unseen,medium,all,1591,0.199±0.065,0.425±0.068,0.284±0.094,0.569±0.091
val,unseen,unseen,medium,underestimated,745,0.279±0.049,0.623±0.046,0.395±0.073,0.787±0.047
val,unseen,unseen,medium,overestimated,846,0.134±0.088,0.493±0.094,0.190±0.129,0.624±0.116
val,unseen,unseen,big,all,722,0.104±0.055,0.457±0.088,0.159±0.078,0.596±0.091
val,unseen,unseen,big,underestimated,477,0.070±0.051,0.511±0.052,0.112±0.073,0.649±0.062
val,unseen,unseen,big,overestimated,245,0.219±0.090,0.633±0.167,0.313±0.106,0.771±0.165
test,all,all,all,all,4992,0.061±0.000,0.856±0.009,0.076±0.000,0.954±0.006
test,all,all,all,underestimated,1952,0.098±0.032,0.915±0.010,0.123±0.048,0.981±0.004
test,all,all,all,overestimated,3039,0.052±0.023,0.818±0.015,0.064±0.034,0.933±0.009
test,all,all,small,all,1766,-0.044±0.000,0.394±0.026,-0.081±0.000,0.574±0.036
test,all,all,small,underestimated,171,-0.238±0.220,0.624±0.125,-0.355±0.281,0.776±0.146
test,all,all,small,overestimated,1594,-0.018±0.033,0.469±0.030,-0.042±0.049,0.665±0.035
test,all,all,medium,all,1238,0.205±0.000,0.764±0.038,0.276±0.000,0.882±0.033
test,all,all,medium,underestimated,672,0.302±0.033,0.782±0.044,0.430±0.046,0.897±0.040
test,all,all,medium,overestimated,566,0.069±0.061,0.813±0.039,0.078±0.078,0.899±0.046
test,all,all,big,all,1988,0.148±0.000,0.895±0.011,0.195±0.000,0.967±0.010
test,all,all,big,underestimated,1109,0.273±0.023,0.844±0.022,0.390±0.035,0.938±0.019
test,all,all,big,overestimated,878,0.008±0.008,0.951±0.015,-0.039±0.016,0.991±0.006
test,all,seen,all,all,4032,0.066±0.014,0.886±0.010,0.083±0.020,0.970±0.006
test,all,seen,all,underestimated,1584,0.089±0.035,0.942±0.007,0.107±0.052,0.993±0.002
test,all,seen,all,overestimated,2448,0.068±0.018,0.850±0.018,0.088±0.024,0.953±0.010
test,all,seen,small,all,1432,-0.061±0.019,0.410±0.032,-0.104±0.030,0.593±0.048
test,all,seen,small,underestimated,155,-0.219±0.234,0.628±0.137,-0.321±0.301,0.778±0.152
test,all,seen,small,overestimated,1277,-0.038±0.026,0.495±0.037,-0.071±0.043,0.698±0.039
test,all,seen,medium,all,999,0.203±0.021,0.846±0.024,0.273±0.026,0.949±0.017
test,all,seen,medium,underestimated,555,0.285±0.036,0.834±0.041,0.409±0.042,0.935±0.036
test,all,seen,medium,overestimated,443,0.056±0.086,0.920±0.023,0.055±0.121,0.983±0.009
test,all,seen,big,all,1601,0.127±0.015,0.939±0.005,0.164±0.021,0.992±0.001
test,all,seen,big,underestimated,873,0.269±0.018,0.896±0.010,0.377±0.019,0.978±0.004
test,all,seen,big,overestimated,727,-0.014±0.021,0.969±0.002,-0.074±0.027,0.997±0.000
test,all,unseen,all,all,959,0.038±0.068,0.745±0.032,0.045±0.095,0.886±0.029
test,all,unseen,all,underestimated,368,0.130±0.055,0.828±0.041,0.167±0.064,0.939±0.020
test,all,unseen,all,overestimated,591,-0.026±0.105,0.713±0.039,-0.047±0.147,0.859±0.036
test,all,unseen,small,all,333,0.035±0.074,0.406±0.024,0.037±0.130,0.587±0.024
test,all,unseen,small,underestimated,16,-0.305±0.262,0.595±0.157,-0.441±0.271,0.751±0.133
test,all,unseen,small,overestimated,317,0.054±0.080,0.443±0.048,0.065±0.145,0.632±0.049
test,all,unseen,medium,all,239,0.218±0.099,0.463±0.074,0.283±0.143,0.588±0.075
test,all,unseen,medium,underestimated,116,0.316±0.162,0.647±0.186,0.408±0.204,0.751±0.186
test,all,unseen,medium,overestimated,122,0.102±0.247,0.602±0.136,0.130±0.317,0.703±0.145
test,all,unseen,big,all,386,0.217±0.067,0.752±0.050,0.309±0.089,0.878±0.044
test,all,unseen,big,underestimated,235,0.303±0.097,0.700±0.085,0.431±0.125,0.831±0.074
test,all,unseen,big,overestimated,151,0.084±0.129,0.851±0.048,0.102±0.199,0.952±0.019
test,seen,all,all,all,4610,0.054±0.006,0.883±0.010,0.065±0.009,0.969±0.005
test,seen,all,all,underestimated,1835,0.080±0.036,0.933±0.007,0.091±0.054,0.990±0.002
test,seen,all,all,overestimated,2775,0.050±0.025,0.851±0.017,0.061±0.035,0.953±0.009
test,seen,all,small,all,1575,-0.052±0.016,0.411±0.026,-0.092±0.025,0.596±0.039
test,seen,all,small,underestimated,167,-0.229±0.237,0.620±0.124,-0.340±0.307,0.773±0.148
test,seen,all,small,overestimated,1408,-0.028±0.021,0.493±0.032,-0.058±0.031,0.696±0.035
test,seen,all,medium,all,1162,0.220±0.016,0.818±0.023,0.297±0.021,0.937±0.017
test,seen,all,medium,underestimated,635,0.310±0.033,0.820±0.034,0.440±0.041,0.931±0.030
test,seen,all,medium,overestimated,526,0.090±0.060,0.880±0.029,0.104±0.073,0.963±0.022
test,seen,all,big,all,1873,0.141±0.005,0.916±0.009,0.186±0.007,0.982±0.007
test,seen,all,big,underestimated,1032,0.272±0.014,0.875±0.019,0.383±0.018,0.967±0.013
test,seen,all,big,overestimated,841,-0.003±0.007,0.959±0.008,-0.054±0.016,0.995±0.002
test,seen,seen,all,all,4032,0.066±0.014,0.886±0.010,0.083±0.020,0.970±0.006
test,seen,seen,all,underestimated,1584,0.089±0.035,0.942±0.007,0.107±0.052,0.993±0.002
test,seen,seen,all,overestimated,2448,0.068±0.018,0.850±0.018,0.088±0.024,0.953±0.010
test,seen,seen,small,all,1432,-0.061±0.019,0.410±0.032,-0.104±0.030,0.593±0.048
test,seen,seen,small,underestimated,155,-0.219±0.234,0.628±0.137,-0.321±0.301,0.778±0.152
test,seen,seen,small,overestimated,1277,-0.038±0.026,0.495±0.037,-0.071±0.043,0.698±0.039
test,seen,seen,medium,all,999,0.203±0.021,0.846±0.024,0.273±0.026,0.949±0.017
test,seen,seen,medium,underestimated,555,0.285±0.036,0.834±0.041,0.409±0.042,0.935±0.036
test,seen,seen,medium,overestimated,443,0.056±0.086,0.920±0.023,0.055±0.121,0.983±0.009
test,seen,seen,big,all,1601,0.127±0.015,0.939±0.005,0.164±0.021,0.992±0.001
test,seen,seen,big,underestimated,873,0.269±0.018,0.896±0.010,0.377±0.019,0.978±0.004
test,seen,seen,big,overestimated,727,-0.014±0.021,0.969±0.002,-0.074±0.027,0.997±0.000
test,seen,unseen,all,all,578,-0.004±0.093,0.862±0.029,-0.019±0.144,0.954±0.019
test,seen,unseen,all,underestimated,250,0.034±0.105,0.897±0.048,0.008±0.147,0.972±0.019
test,seen,unseen,all,overestimated,327,-0.085±0.151,0.850±0.032,-0.106±0.215,0.941±0.020
test,seen,unseen,small,all,143,0.044±0.165,0.442±0.073,0.055±0.195,0.609±0.080
test,seen,unseen,small,underestimated,12,-0.030±0.476,0.458±0.346,-0.015±0.577,0.560±0.403
test,seen,unseen,small,overestimated,131,0.077±0.220,0.555±0.067,0.108±0.284,0.737±0.042
test,seen,unseen,medium,all,163,0.320±0.132,0.665±0.168,0.394±0.159,0.802±0.169
test,seen,unseen,medium,underestimated,80,0.453±0.104,0.848±0.076,0.573±0.148,0.939±0.033
test,seen,unseen,medium,overestimated,82,0.270±0.226,0.766±0.103,0.323±0.293,0.864±0.093
test,seen,unseen,big,all,271,0.194±0.044,0.828±0.061,0.272±0.066,0.932±0.041
test,seen,unseen,big,underestimated,158,0.304±0.097,0.791±0.099,0.423±0.138,0.908±0.062
test,seen,unseen,big,overestimated,113,0.023±0.111,0.831±0.077,0.022±0.204,0.928±0.048
test,unseen,all,all,all,381,0.209±0.070,0.581±0.061,0.297±0.104,0.741±0.069
test,unseen,all,all,underestimated,117,0.231±0.075,0.756±0.052,0.289±0.132,0.897±0.036
test,unseen,all,all,overestimated,263,0.146±0.109,0.562±0.083,0.203±0.149,0.724±0.097
test,unseen,all,small,all,190,-0.008±0.208,0.369±0.117,-0.031±0.281,0.526±0.130
test,unseen,all,small,underestimated,3,-0.855±0.059,0.676±0.209,-0.929±0.018,0.783±0.189
test,unseen,all,small,overestimated,186,0.011±0.207,0.389±0.122,-0.005±0.281,0.554±0.138
test,unseen,all,medium,all,76,0.061±0.161,0.214±0.259,0.058±0.235,0.268±0.326
test,unseen,all,medium,underestimated,36,0.098±0.188,0.531±0.264,0.100±0.257,0.625±0.299
test,unseen,all,medium,overestimated,39,-0.031±0.167,0.473±0.377,-0.013±0.214,0.538±0.374
test,unseen,all,big,all,115,0.421±0.191,0.602±0.062,0.547±0.226,0.786±0.043
test,unseen,all,big,underestimated,77,0.297±0.188,0.636±0.118,0.372±0.204,0.792±0.100
test,unseen,all,big,overestimated,37,0.676±0.110,0.751±0.107,0.804±0.076,0.845±0.077
test,unseen,seen,all,all,0,nan±nan,nan±nan,nan±nan,nan±nan
test,unseen,seen,all,underestimated,0,nan±nan,nan±nan,nan±nan,nan±nan
test,unseen,seen,all,overestimated,0,nan±nan,nan±nan,nan±nan,nan±nan
test,unseen,seen,small,all,0,nan±nan,nan±nan,nan±nan,nan±nan
test,unseen,seen,small,underestimated,0,nan±nan,nan±nan,nan±nan,nan±nan
test,unseen,seen,small,overestimated,0,nan±nan,nan±nan,nan±nan,nan±nan
test,unseen,seen,medium,all,0,nan±nan,nan±nan,nan±nan,nan±nan
test,unseen,seen,medium,underestimated,0,nan±nan,nan±nan,nan±nan,nan±nan
test,unseen,seen,medium,overestimated,0,nan±nan,nan±nan,nan±nan,nan±nan
test,unseen,seen,big,all,0,nan±nan,nan±nan,nan±nan,nan±nan
test,unseen,seen,big,underestimated,0,nan±nan,nan±nan,nan±nan,nan±nan
test,unseen,seen,big,overestimated,0,nan±nan,nan±nan,nan±nan,nan±nan
test,unseen,unseen,all,all,381,0.209±0.070,0.581±0.061,0.297±0.104,0.741±0.069
test,unseen,unseen,all,underestimated,117,0.231±0.075,0.756±0.052,0.289±0.132,0.897±0.036
test,unseen,unseen,all,overestimated,263,0.146±0.109,0.562±0.083,0.203±0.149,0.724±0.097
test,unseen,unseen,small,all,190,-0.008±0.208,0.369±0.117,-0.031±0.281,0.526±0.130
test,unseen,unseen,small,underestimated,3,-0.855±0.059,0.676±0.209,-0.929±0.018,0.783±0.189
test,unseen,unseen,small,overestimated,186,0.011±0.207,0.389±0.122,-0.005±0.281,0.554±0.138
test,unseen,unseen,medium,all,76,0.061±0.161,0.214±0.259,0.058±0.235,0.268±0.326
test,unseen,unseen,medium,underestimated,36,0.098±0.188,0.531±0.264,0.100±0.257,0.625±0.299
test,unseen,unseen,medium,overestimated,39,-0.031±0.167,0.473±0.377,-0.013±0.214,0.538±0.374
test,unseen,unseen,big,all,115,0.421±0.191,0.602±0.062,0.547±0.226,0.786±0.043
test,unseen,unseen,big,underestimated,77,0.297±0.188,0.636±0.118,0.372±0.204,0.792±0.100
test,unseen,unseen,big,overestimated,37,0.676±0.110,0.751±0.107,0.804±0.076,0.845±0.077
ood,all,all,all,all,10368,0.161±0.000,0.184±0.016,0.242±0.000,0.271±0.024
ood,all,all,all,underestimated,9664,0.167±0.002,0.201±0.025,0.251±0.003,0.296±0.037
ood,all,all,all,overestimated,704,0.481±0.013,0.549±0.034,0.700±0.020,0.733±0.036
ood,all,all,small,all,491,0.396±0.000,0.221±0.052,0.545±0.000,0.325±0.075
ood,all,all,small,underestimated,0,1.000±0.000,nan±nan,1.000±0.000,nan±nan
ood,all,all,small,overestimated,490,0.394±0.002,0.223±0.051,0.542±0.003,0.329±0.074
ood,all,all,medium,all,1052,0.051±0.000,0.065±0.033,0.059±0.000,0.094±0.046
ood,all,all,medium,underestimated,950,0.061±0.011,0.105±0.029,0.068±0.016,0.153±0.049
ood,all,all,medium,overestimated,102,0.135±0.070,0.393±0.090,0.183±0.079,0.477±0.122
ood,all,all,big,all,8825,0.174±0.000,0.139±0.027,0.261±0.000,0.206±0.042
ood,all,all,big,underestimated,8713,0.182±0.002,0.154±0.029,0.273±0.003,0.230±0.045
ood,all,all,big,overestimated,111,0.189±0.108,0.523±0.125,0.254±0.147,0.661±0.158
ood,all,seen,all,all,0,nan±nan,nan±nan,nan±nan,nan±nan
ood,all,seen,all,underestimated,0,nan±nan,nan±nan,nan±nan,nan±nan
ood,all,seen,all,overestimated,0,nan±nan,nan±nan,nan±nan,nan±nan
ood,all,seen,small,all,0,nan±nan,nan±nan,nan±nan,nan±nan
ood,all,seen,small,underestimated,0,nan±nan,nan±nan,nan±nan,nan±nan
ood,all,seen,small,overestimated,0,nan±nan,nan±nan,nan±nan,nan±nan
ood,all,seen,medium,all,0,nan±nan,nan±nan,nan±nan,nan±nan
ood,all,seen,medium,underestimated,0,nan±nan,nan±nan,nan±nan,nan±nan
ood,all,seen,medium,overestimated,0,nan±nan,nan±nan,nan±nan,nan±nan
ood,all,seen,big,all,0,nan±nan,nan±nan,nan±nan,nan±nan
ood,all,seen,big,underestimated,0,nan±nan,nan±nan,nan±nan,nan±nan
ood,all,seen,big,overestimated,0,nan±nan,nan±nan,nan±nan,nan±nan
ood,all,unseen,all,all,10368,0.161±0.000,0.184±0.016,0.242±0.000,0.271±0.024
ood,all,unseen,all,underestimated,9664,0.167±0.002,0.201±0.025,0.251±0.003,0.296±0.037
ood,all,unseen,all,overestimated,704,0.481±0.013,0.549±0.034,0.700±0.020,0.733±0.036
ood,all,unseen,small,all,491,0.396±0.000,0.221±0.052,0.545±0.000,0.325±0.075
ood,all,unseen,small,underestimated,0,1.000±0.000,nan±nan,1.000±0.000,nan±nan
ood,all,unseen,small,overestimated,490,0.394±0.002,0.223±0.051,0.542±0.003,0.329±0.074
ood,all,unseen,medium,all,1052,0.051±0.000,0.065±0.033,0.059±0.000,0.094±0.046
ood,all,unseen,medium,underestimated,950,0.061±0.011,0.105±0.029,0.068±0.016,0.153±0.049
ood,all,unseen,medium,overestimated,102,0.135±0.070,0.393±0.090,0.183±0.079,0.477±0.122
ood,all,unseen,big,all,8825,0.174±0.000,0.139±0.027,0.261±0.000,0.206±0.042
ood,all,unseen,big,underestimated,8713,0.182±0.002,0.154±0.029,0.273±0.003,0.230±0.045
ood,all,unseen,big,overestimated,111,0.189±0.108,0.523±0.125,0.254±0.147,0.661±0.158
ood,seen,all,all,all,949,-0.212±0.005,0.235±0.060,-0.337±0.006,0.323±0.082
ood,seen,all,all,underestimated,930,-0.192±0.005,0.222±0.065,-0.311±0.007,0.304±0.089
ood,seen,all,all,overestimated,19,-0.885±0.006,0.504±0.019,-0.938±0.004,0.571±0.032
ood,seen,all,small,all,19,-0.882±0.000,0.495±0.012,-0.936±0.000,0.554±0.001
ood,seen,all,small,underestimated,0,nan±nan,nan±nan,nan±nan,nan±nan
ood,seen,all,small,overestimated,19,-0.882±0.000,0.495±0.012,-0.936±0.000,0.554±0.001
ood,seen,all,medium,all,49,0.469±0.082,0.419±0.076,0.649±0.089,0.564±0.073
ood,seen,all,medium,underestimated,49,0.464±0.084,0.426±0.076,0.644±0.090,0.571±0.077
ood,seen,all,medium,overestimated,0,nan±nan,nan±nan,nan±nan,nan±nan
ood,seen,all,big,all,881,-0.140±0.005,0.193±0.066,-0.241±0.008,0.261±0.094
ood,seen,all,big,underestimated,881,-0.140±0.005,0.193±0.066,-0.241±0.008,0.261±0.094
ood,seen,all,big,overestimated,0,nan±nan,nan±nan,nan±nan,nan±nan
ood,seen,seen,all,all,0,nan±nan,nan±nan,nan±nan,nan±nan
ood,seen,seen,all,underestimated,0,nan±nan,nan±nan,nan±nan,nan±nan
ood,seen,seen,all,overestimated,0,nan±nan,nan±nan,nan±nan,nan±nan
ood,seen,seen,small,all,0,nan±nan,nan±nan,nan±nan,nan±nan
ood,seen,seen,small,underestimated,0,nan±nan,nan±nan,nan±nan,nan±nan
ood,seen,seen,small,overestimated,0,nan±nan,nan±nan,nan±nan,nan±nan
ood,seen,seen,medium,all,0,nan±nan,nan±nan,nan±nan,nan±nan
ood,seen,seen,medium,underestimated,0,nan±nan,nan±nan,nan±nan,nan±nan
ood,seen,seen,medium,overestimated,0,nan±nan,nan±nan,nan±nan,nan±nan
ood,seen,seen,big,all,0,nan±nan,nan±nan,nan±nan,nan±nan
ood,seen,seen,big,underestimated,0,nan±nan,nan±nan,nan±nan,nan±nan
ood,seen,seen,big,overestimated,0,nan±nan,nan±nan,nan±nan,nan±nan
ood,seen,unseen,all,all,949,-0.212±0.005,0.235±0.060,-0.337±0.006,0.323±0.082
ood,seen,unseen,all,underestimated,930,-0.192±0.005,0.222±0.065,-0.311±0.007,0.304±0.089
ood,seen,unseen,all,overestimated,19,-0.885±0.006,0.504±0.019,-0.938±0.004,0.571±0.032
ood,seen,unseen,small,all,19,-0.882±0.000,0.495±0.012,-0.936±0.000,0.554±0.001
ood,seen,unseen,small,underestimated,0,nan±nan,nan±nan,nan±nan,nan±nan
ood,seen,unseen,small,overestimated,19,-0.882±0.000,0.495±0.012,-0.936±0.000,0.554±0.001
ood,seen,unseen,medium,all,49,0.469±0.082,0.419±0.076,0.649±0.089,0.564±0.073
ood,seen,unseen,medium,underestimated,49,0.464±0.084,0.426±0.076,0.644±0.090,0.571±0.077
ood,seen,unseen,medium,overestimated,0,nan±nan,nan±nan,nan±nan,nan±nan
ood,seen,unseen,big,all,881,-0.140±0.005,0.193±0.066,-0.241±0.008,0.261±0.094
ood,seen,unseen,big,underestimated,881,-0.140±0.005,0.193±0.066,-0.241±0.008,0.261±0.094
ood,seen,unseen,big,overestimated,0,nan±nan,nan±nan,nan±nan,nan±nan
ood,unseen,all,all,all,9418,0.174±0.001,0.179±0.016,0.258±0.001,0.265±0.024
ood,unseen,all,all,underestimated,8733,0.173±0.002,0.198±0.026,0.258±0.003,0.293±0.039
ood,unseen,all,all,overestimated,684,0.488±0.013,0.559±0.029,0.706±0.019,0.745±0.030
ood,unseen,all,small,all,472,0.419±0.000,0.230±0.053,0.575±0.000,0.338±0.074
ood,unseen,all,small,underestimated,0,1.000±0.000,nan±nan,1.000±0.000,nan±nan
ood,unseen,all,small,overestimated,471,0.417±0.002,0.233±0.051,0.573±0.002,0.342±0.072
ood,unseen,all,medium,all,1002,0.043±0.001,0.068±0.032,0.049±0.002,0.095±0.044
ood,unseen,all,medium,underestimated,901,0.050±0.010,0.107±0.029,0.054±0.016,0.155±0.049
ood,unseen,all,medium,overestimated,101,0.131±0.074,0.391±0.090,0.178±0.085,0.474±0.123
ood,unseen,all,big,all,7943,0.166±0.000,0.130±0.031,0.248±0.001,0.194±0.048
ood,unseen,all,big,underestimated,7832,0.174±0.002,0.147±0.033,0.260±0.004,0.221±0.050
ood,unseen,all,big,overestimated,111,0.189±0.108,0.523±0.125,0.254±0.147,0.661±0.158
ood,unseen,seen,all,all,0,nan±nan,nan±nan,nan±nan,nan±nan
ood,unseen,seen,all,underestimated,0,nan±nan,nan±nan,nan±nan,nan±nan
ood,unseen,seen,all,overestimated,0,nan±nan,nan±nan,nan±nan,nan±nan
ood,unseen,seen,small,all,0,nan±nan,nan±nan,nan±nan,nan±nan
ood,unseen,seen,small,underestimated,0,nan±nan,nan±nan,nan±nan,nan±nan
ood,unseen,seen,small,overestimated,0,nan±nan,nan±nan,nan±nan,nan±nan
ood,unseen,seen,medium,all,0,nan±nan,nan±nan,nan±nan,nan±nan
ood,unseen,seen,medium,underestimated,0,nan±nan,nan±nan,nan±nan,nan±nan
ood,unseen,seen,medium,overestimated,0,nan±nan,nan±nan,nan±nan,nan±nan
ood,unseen,seen,big,all,0,nan±nan,nan±nan,nan±nan,nan±nan
ood,unseen,seen,big,underestimated,0,nan±nan,nan±nan,nan±nan,nan±nan
ood,unseen,seen,big,overestimated,0,nan±nan,nan±nan,nan±nan,nan±nan
ood,unseen,unseen,all,all,9418,0.174±0.001,0.179±0.016,0.258±0.001,0.265±0.024
ood,unseen,unseen,all,underestimated,8733,0.173±0.002,0.198±0.026,0.258±0.003,0.293±0.039
ood,unseen,unseen,all,overestimated,684,0.488±0.013,0.559±0.029,0.706±0.019,0.745±0.030
ood,unseen,unseen,small,all,472,0.419±0.000,0.230±0.053,0.575±0.000,0.338±0.074
ood,unseen,unseen,small,underestimated,0,1.000±0.000,nan±nan,1.000±0.000,nan±nan
ood,unseen,unseen,small,overestimated,471,0.417±0.002,0.233±0.051,0.573±0.002,0.342±0.072
ood,unseen,unseen,medium,all,1002,0.043±0.001,0.068±0.032,0.049±0.002,0.095±0.044
ood,unseen,unseen,medium,underestimated,901,0.050±0.010,0.107±0.029,0.054±0.016,0.155±0.049
ood,unseen,unseen,medium,overestimated,101,0.131±0.074,0.391±0.090,0.178±0.085,0.474±0.123
ood,unseen,unseen,big,all,7943,0.166±0.000,0.130±0.031,0.248±0.001,0.194±0.048
ood,unseen,unseen,big,underestimated,7832,0.174±0.002,0.147±0.033,0.260±0.004,0.221±0.050
ood,unseen,unseen,big,overestimated,111,0.189±0.108,0.523±0.125,0.254±0.147,0.661±0.158
